Time,Sender,Amount,Source,Destination,Memo,Tx Signature,token
"June 23, 2025 05:15:11 +UTC",BfF6oFkNAdvmRYsvYd4LnBZood125ejw86F35NJpzDZC,1666666,2skH1Loh6v8jKzxufUbyv8WA8xZZ3xewNGSWMczGSK9m,DHbKxnsVkFLocVJ1XdWnXaSLH55s43v1QWFdrdt51Yu8,0xc2b372502b4ffbfe426e59a0391f97a659d81599,3dEz5MXm4xwxQUDLgiAZR5j4NsiuF3w8PnqbsQEPiXA8EpAv2tuPAbYrmmHbvEKFJnYuge6Aw3BrMuGGtMJdTFez,500 USDT
"June 23, 2025 02:38:18 +UTC",6NXLy7dRPqxjdrHHv29QYdG2kfEhMtN7p3AxvzL2WoTN,5000000,6NXLy7dRPqxjdrHHv29QYdG2kfEhMtN7p3AxvzL2WoTN,9pjiPKiyDLHXRRGUu4udCceF3vj3EY6hZH3jdS9vEbkH,0xa5bc29f712c9b258ec7ae102f3c7f09e55f7d99d,4UyDd3dHySiwo9MD9pWuHB3aXZSs5GderudEnw2Uhmwz5fMoFY1XBZdEUsWLPouXpbv2fthTaxgbERcRwtpnkc7Q,10 SOL
"June 24, 2025 14:39:17 +UTC",9e465E4QX6RsSWNEy5UtEpC9Jt7wNzbeS76b6uUbr7Vb,102700,9e465E4QX6RsSWNEy5UtEpC9Jt7wNzbeS76b6uUbr7Vb,9pjiPKiyDLHXRRGUu4udCceF3vj3EY6hZH3jdS9vEbkH,0xbff070870a3de244e09e294732b38a6cdf2f5ef5,4s5zHFD9897DJHh2gyt1Jk22mUoQN6nUtKiEMtSXtDBKyCapjS8qwEoh2oYZM1wVKmvGy3X264Dd1xe11FvaDYYK,0.2054 SOL
"June 24, 2025 12:21:35 +UTC",12EkuaEhVdTzRqUH8DAGtpSUCdxcVt7MSbeicTuZYacG,1450000,12EkuaEhVdTzRqUH8DAGtpSUCdxcVt7MSbeicTuZYacG,9pjiPKiyDLHXRRGUu4udCceF3vj3EY6hZH3jdS9vEbkH,0xf6e1609a4dc2809caa90b5ca39f8d66662b133ce,4s3YUUE2ArEji1siteGE7QKnBan3W5H1yRiVE7qHvuF8L4GJ4Q4oK5C7CtXAvdfnjsaXnFDe689vEdvY63RMPGrZ,2.9 SOL
"June 23, 2025 02:37:09 +UTC",3KZaeeJ6vzZhxGbKsLiWSzKmsa8iB3zyXqVCv2GWwW4A,485400,3KZaeeJ6vzZhxGbKsLiWSzKmsa8iB3zyXqVCv2GWwW4A,9pjiPKiyDLHXRRGUu4udCceF3vj3EY6hZH3jdS9vEbkH,0xb1fa6159ec5c170359cd3a593afe3321a5e96028,2U8pEcrqQLMjkwDAqDevpYtqMc3HcSgt6DhfRjbcfm7J7ij85AgwZW8KkdkKq2SpLVoaNqamjuRWXcPp94xoKzn7,0.9708 SOL
"6/25/2025, 1:46:02 AM",GLwVcQWbSkq5HBG6nK4k5xUQ4LUj1ByDhCAntb83Kdfb,189050.6224,6ntqU3SHLf4B3EuTcdUQvLDqHPQvCkPNKpH9gDR2qVv9,C5oLn4eK4qT1c25N2tFtmbsFxEPiFtc5RWWKUQkRdgdJ,,3jcPTgEchq9Ey8CAbbfRb5dKnFVUqpAT8hVkhN6W5ReikVFCLC65GxWgSsUYYjGkqVkUJT6EkmmtkiYuJXiTsM1f,
"6/25/2025, 1:21:18 AM",TJn4nbumhBRV79Jm7u6Hs8yyGaBbn1yYEt9S3qLq97L,20583,DuVGApFJnKjLmaQn7j3xT66ShxQfdqBJYmhjeMSY1d7M,C5oLn4eK4qT1c25N2tFtmbsFxEPiFtc5RWWKUQkRdgdJ,0x2B231D737d18490cBd34e6F8A9823f38ec8f8a1A,2LsueisBohpEFkvNvP2yj91sKRhCDUSP3TBCcjusnUC2jb5qG4gS1vasQmmk78wcuq6dvRZtZooT1Wf2pfZdTJL2,
"6/25/2025, 1:16:52 AM",UA7UCDowurU1fiQ4VpJjNoUTpwwepXNTfq1JZJd6C48,31500,7g31PAKCvircz1wkMXHEoFH9YZkSknXhotkJdoqJoS14,C5oLn4eK4qT1c25N2tFtmbsFxEPiFtc5RWWKUQkRdgdJ,0xbf127b9567f995ca8b14bc4cbb4b9a699f89268c,4UJ1n4zbfPbKK8wLNffLARKUd7QzPhBuiQXtdHNYGLfBtRWoFy3C2rDxftaLdZcMiNkUNVzZFqpsey9uZ6mszhRt,
"6/25/2025, 1:16:33 AM",BrLdgoXbzN1xTkaaHoZHVoCeYjaEfeZY1uK7bJDW3m2E,14261,42Tydf1bF6tk8JA4HYpxLMVYM5JQycmaCX3p6skFsvvp,C5oLn4eK4qT1c25N2tFtmbsFxEPiFtc5RWWKUQkRdgdJ,0x2b06570B3C6187cA186f1CD91178A3Df4c33D5E4,4v6NVzJbGQxb9GZCuRifCufejnzD7Cnq3yJztSVrKrub1DbK8Gk8srzngtzpiq9FUCedPHoCpHw7A1XyS3pYpQcv,
"6/25/2025, 1:13:16 AM",6gqDh5ToFnKdVmSDJG7noFmB6o7DQcC7rhX5TinS2G5u,259575,5a7upskQFMd61KX4goRFPsxd4cuJsnHvXKF5sjoxuZLZ,C5oLn4eK4qT1c25N2tFtmbsFxEPiFtc5RWWKUQkRdgdJ,0xabB11339216c599EFD3B48cd5fa9657123B02bc5,2MBKpCvdUMUGNu6hbwhShPLSZqMFQciaAfLhReN4yGoR5PewxkUcA1M1RaX7zxUYKZy5HzVWXtoxJzu49NxaSKv,
"6/25/2025, 1:01:32 AM",7qCUQUmFSZjDuvgMqt7LN86sqBLRcmhSRB34nJLRz6fZ,648480,DmkdeYUxqMTFAt6ZYistbGvMTq1AqABdQAHEHYPa3257,C5oLn4eK4qT1c25N2tFtmbsFxEPiFtc5RWWKUQkRdgdJ,0x823a7f07c03640d02eba2231c86161d02412e48f,3PbN41RRvHFjNHGju4Sm4aF2xXwz99ETEUkSrQtaKEqoBYDdLbnddxZJhjLMqmsLQpPBNF5REVBWp76wUvHdj8Bw,
"6/25/2025, 12:20:16 AM",BPwJY99pto2JF9Cf3JP341ZFn3jSM9VC2u9nQ18f3Vpw,43079,2MkZZ4rji9ukGxz4sk3kHoYeVheGJFKjax8eYbrUEnaB,C5oLn4eK4qT1c25N2tFtmbsFxEPiFtc5RWWKUQkRdgdJ,,5z1na7afu8sDwoUcFSEaBMMkfeBEMtSGZPWhjDmHwxW4PoTMTmwWjigRnJrc5vcuDdFPNxE4iYNqTLtpVmksLgt1,
"6/25/2025, 12:04:21 AM",AbXLHqB82BtMiuTZbeLJCv2oGBnxQztyWohQVs6TyVro,1303016,EySVANQHaEw5vrB9bhCmAVAndhSC2oGmhZXEzho83FvQ,C5oLn4eK4qT1c25N2tFtmbsFxEPiFtc5RWWKUQkRdgdJ,0xc3240345ac2a644972f254aac08b40683d6f54a4,5sxaKyTchfNKBceMLGoiPtCrjTDCBaLArczB6fbwuLmEXu6dpE9ABwvfaVLRUGU7HgdeovD8TECp5ZjZrx2qpzX2,
"6/24/2025, 11:48:43 PM",63ViiSzBgroutvyq7jFw949RAYLcGziMtfzsi1rxLG2e,2222222,5zZwi3aBsAD2oDv6sbEHkeJEdCszSaJE1erMUR1hHW2X,C5oLn4eK4qT1c25N2tFtmbsFxEPiFtc5RWWKUQkRdgdJ,0x658CafAb073a0EC6Ce6Ea0baA07b4E6820F560d3,2mcviJqP5YCk8P7aYdED1wNGwSwdbgbY75Q3Cah21QkksqdgGQ2snC8XQQrUAFMLpua8KsN3PmaXRASyNACaxDmK,
"6/24/2025, 11:32:49 PM",A9BFy1qMtFzumwAKZaArKcX4DFxnvcyn24op8UJNwyCH,41602,8TamuB7VAnhBxbTDxF4cktYMrzQyVjdq1JmJqaNaofv7,C5oLn4eK4qT1c25N2tFtmbsFxEPiFtc5RWWKUQkRdgdJ,0x4007b207db479f0ce9be4d91edccd12a3dcf9e7c,2bTXXJ7fMCwWZtQD2vehV3D1pvAH9Aa9mn6qCsZDsrkMVLwuBfsKe5XWFHQ8Y7v8a5eJ9Cgoi4NTvAaqcmF8DJPH,
"6/24/2025, 11:29:26 PM",4amhccz5Kukt9u4bmVdCeuazEsrXZvykoLmKxiKKg13t,1548,4kfYm1b3DwqKQRnjSxpLgesvUw2yk27oeaVCsUbCRZ6v,C5oLn4eK4qT1c25N2tFtmbsFxEPiFtc5RWWKUQkRdgdJ,0x6fd09e05c970b737d34adab7ff6a887c28dd6f67,5dzfodWtsVqKtonkPLY8pQ1tb93YQkcdLMmZjsL8r8RUgiTAiADc5FDU958yXWQGLBbSWPB3RW7q91J3HtzKFyeG,
"6/24/2025, 11:17:38 PM",5Xq6yL7JJ8YPU2Tv1mXB6fQHLvg521txM5zCAzsJVR5W,4021859,7PX2NbWpmirnhkVo5haM8Q5qCm61kaLesPEMKtWKesAY,C5oLn4eK4qT1c25N2tFtmbsFxEPiFtc5RWWKUQkRdgdJ,0x68c6d3af6e633e396349da4c62f30bec7f128f51,4XYVzqCnHZHLFAdebjsZQhnrmc6NudZKgPmsGqW4T3Lh2HnLjUjc6vaRVsm9kNDAyJhvSTSWVxEMqpavkU9evwGx,
"6/24/2025, 11:15:26 PM",63JfrETAEhz2mZsYKVQWmR6dgEYLYB72FtZWVpsPkWb1,5298318,5cYifCA3ijZCkJRyErQtLNrUYZWskYts1qT55fnWzGwb,C5oLn4eK4qT1c25N2tFtmbsFxEPiFtc5RWWKUQkRdgdJ,0xd95741181f4fdcc78e7b76d291043e9b0290d6ab,5grEjyyyvot3V15mDTL8wrdWsMbyFoxUkjWh2pTBG694LEjNWew5D7MWkZTQnu4KEZKPHnys1aavjKCkxEZk9md5,
"6/24/2025, 11:14:06 PM",2d8gZsmfq5XiUhEhFxP8VqQQx1pp3MHrZujq7U3MuvfW,4998318,FxQ6NGosB9kJTqKd3NSnmKqiQ5VGMMk29vSpugEKaoUh,C5oLn4eK4qT1c25N2tFtmbsFxEPiFtc5RWWKUQkRdgdJ,0x208e39714f1791bbafe868a5d9fe6eec7a9b9ec3,57QSqHSjn7qxxo5NguA8xngnGzT2V5865C6FC3XTfRwv5Gbo7YS98Dz6pQJxgRbUuaUT6Wt2CkX9Sjsw41ebagtU,
"6/24/2025, 11:12:31 PM",6f1NGZDdMcvXGberFNCLnxKQkEzZgbuSpUapk9Wq4qVn,1000000,29yaCyL9QcKgbBwo59iVq94rh5PAM985dUkr1DQVSnHA,C5oLn4eK4qT1c25N2tFtmbsFxEPiFtc5RWWKUQkRdgdJ,0x4f0e83205ef5d435b1bee22d4df7a8ea01b2867c,2Hg1ACtEbz864iWDRA1XweWbLTyikcGfGCCM3NnJ5gBjrZeFx9B1SP2CHhP9QV2Qg9ut2unc5ctNn1EytuTDMqRu,
"6/24/2025, 11:11:55 PM",5qZsKTSocZqhdRd4y4vYxyqovbSbG8ZVSLo5mXbrH6af,1000000,5y58HvLtUkgPwK1zBiGCGK4f9BxEB1ATfegvvW2eqeuM,C5oLn4eK4qT1c25N2tFtmbsFxEPiFtc5RWWKUQkRdgdJ,0x8b29ce5a40a72a393f82d8088635493a1046a7f4,55RnQv5NubgYKFmXfv4cwF1uevE2uH64grPeg3G3GewpYk3B4kqHoEHVMZ4rPc6jZ71ne85p1VeFPJdRLYs749Gb,
"6/24/2025, 11:11:18 PM",DwpYphLJQj7rvh6FZc7bUCcAvfXJpMrkMfTmzZBrqJG5,1000000,MN1dFsBfRtuGdPxnF3dqF35jh6ApzBTAdnUd61mc5yR,C5oLn4eK4qT1c25N2tFtmbsFxEPiFtc5RWWKUQkRdgdJ,0x9eec548441c95295b9c5c8d0646c19dc9e36ce42,4tdNX5Hu15piCuwUSQt1DYmiP4pnDCELHgX9Py3dyM7nq2nSSFVpCMuizbJyDZA8dwdxfzDafNvoXuLWMyz1VU21,
"6/24/2025, 11:10:33 PM",7WiyYWTHDc4E6JWMgSrLwNwxaePxfhquU5CRQWEHriU9,1000000,GxaTLbM1skTvxtnPf6HdSkZ4edtERBkJXDFXNYdwCdKV,C5oLn4eK4qT1c25N2tFtmbsFxEPiFtc5RWWKUQkRdgdJ,0x49750785a32fa46b4ca59010a231cbdb36f37fe2,tqsR96xpdDSeaAet7WwemVJ8pXPUpxfQveN2MftHVrv7DXqZw2JnuGmjh8LymCUnJ457P1Sz2krXSqUqvmzFct7,
"6/24/2025, 11:03:31 PM",HgsLCEVygAFFvPDqs9qAmmRvYhYVnpBh3t7mjcub6SNm,1000001,515Yj94ZUbSrvCZBFXMrpF8okCHqL3k4L4gfEnjdPPRe,C5oLn4eK4qT1c25N2tFtmbsFxEPiFtc5RWWKUQkRdgdJ,0xef0e0d374d1d0925eb315b02eabd426f539e1186,2kDMBA5CB5XqSimBMXzdDpmZ6xR8EmftehJsxzpz3bKRSonZ815vgCcoCadkUipJpGHivaLhEznws8DDnGFwnf6a,
"6/24/2025, 10:52:49 PM",J3bDYVRn4XiXozK1E4jbpJE7oe2q7EQGxPdLxPqXT2UC,28158,A1SxGDrM8gUhY6PpcCUNAvt3RDiwRuXxaYnvAr3Xt6zx,C5oLn4eK4qT1c25N2tFtmbsFxEPiFtc5RWWKUQkRdgdJ,0xb31f9581d58d1c652111be52afd39e0bb6166908,3Ecekoq12YfTkCCvKrPMeSZpxumCuq3rGTiJheCj2xMduy1qiRQzkNyvrp53U8pt5JJx5FfpHQndHxTgDFCA1Jy5,
"6/24/2025, 9:21:32 PM",UzWnk612bvwLNj9qTTW5fCYWFoaeLy8tUUGFutRRUaP,981907,3wAANhTSuckjLSZJ1DNofhnUANpceiC1VFrvFsGJij4V,C5oLn4eK4qT1c25N2tFtmbsFxEPiFtc5RWWKUQkRdgdJ,0x8110b702fd55560e8247d1ee07534818bacbe49d,49T2TvEA9LvzNzNwkJABNE1GeA8yKWkf7bYiTN5HTMxZ25xXstwTfUuVfH7EdVxxqePNAPAEfEasGhDezWfxuPkh,
"6/24/2025, 8:54:58 PM",Fe6ySFQfb7hKfYd2pey55rXb7niqdzhjYhQh8sb6qR7f,2012000,EppHfTdzuEjQKuct6c5798oMHH5zbgywMRnzjMJRNtyf,C5oLn4eK4qT1c25N2tFtmbsFxEPiFtc5RWWKUQkRdgdJ,0x2f73d88c58b9ad141b5fc20199bb7c0681fc959a,47ebx1hc7cDfxq5dAsxnWiEoURkyis4VtAVd6tb8fvpT6Bv3hCNLJfMKWMxy2wgxCtR7LtAQz5HHuvQU7kgcNWLM,
"6/24/2025, 8:38:12 PM",BUGmWN6qLt5TEhUMEEFqrPyTWk45uFb5u3W1CPAtQbdz,30000,7vnXXrZAfD1gXDDsBypXQEm1B9fKoxVEbMiJTbPrFTAb,C5oLn4eK4qT1c25N2tFtmbsFxEPiFtc5RWWKUQkRdgdJ,0xdb62D4b97cfa5D43342680885D6Ce22b018e0066,4UX412imaoa17RXsZVxWq1YxbjgFGbUsSKcRnwnroZZMpA52dJBPnhNsg1jFgEHWL8SkwAJxYWKtX8WF8a2JesWu,
"6/24/2025, 8:35:35 PM",BUGmWN6qLt5TEhUMEEFqrPyTWk45uFb5u3W1CPAtQbdz,50000,7vnXXrZAfD1gXDDsBypXQEm1B9fKoxVEbMiJTbPrFTAb,C5oLn4eK4qT1c25N2tFtmbsFxEPiFtc5RWWKUQkRdgdJ,0xdb62D4b97cfa5D43342680885D6Ce22b018e0066,Q6EgizuZbChVV1WFvu5kUz6NfrnwJxMSUQBkwboaL94Ty3z4ZRA1Z8mxNE8vMp3uhtiMzsDEhNhxTvLMx5y1gpa,
"6/24/2025, 5:32:53 PM",EftiM4dzGZNPX9EHBwVHkDt3P8erdv5jcCv8dmrmNBaE,275387.6865,8i9UwTgM78ag1MsBsy1LvdwJSBkKpdAN4umbbzeD6bbu,C5oLn4eK4qT1c25N2tFtmbsFxEPiFtc5RWWKUQkRdgdJ,0xb2aa7E28363F39359c1a8e2Ff4E380100cF00B42,66NJ7pWC5QmfGefrztsr978zHA6Uk1q9XdUDjMPfqoP4MVR1Y4LDYParpJKoRDyqBNnMjFwW2ZVsDJiocXJGvuJ8,
"6/24/2025, 5:19:10 PM",5wvaRmmKED3h7gGuVR3k4iWoeKwZG4A4aiUYQT3iN9n2,2038449.365,CJt7vjZuHo8fcLKUrFtD4cvcCoMspGbqSUP993LW17nT,C5oLn4eK4qT1c25N2tFtmbsFxEPiFtc5RWWKUQkRdgdJ,,4SuUdtNNiu51C2ErTo96c2a8oTgfAEfcMXaxC3UvUGEjFaqZd1B21TCWtm8q4q5TWaRo6c3SnS7wvG9DgW8vdKe7,
"6/24/2025, 4:41:04 PM",Cfy5rFwmU2fe43YbR79F1Nsm1REZ9DurQ3aoKhP6ANgt,7304335,3QWyK9Mv2GjbK1GX33hWMHxQdBhoBK584qvMLR9sbRtc,C5oLn4eK4qT1c25N2tFtmbsFxEPiFtc5RWWKUQkRdgdJ,0x3317AD9eDa6942b5a7BE5BA83346C0Ea82C3C26C,4zD5EmFE6kdau8R2PqN6UYshvCQxyRSLj1joZnxi4XGVcDSaHvs52fCpA69ZnxvMkRXXQEfNrRjv2UypZ8RaZZSL,
"6/24/2025, 4:37:19 PM",Cfy5rFwmU2fe43YbR79F1Nsm1REZ9DurQ3aoKhP6ANgt,1000,3QWyK9Mv2GjbK1GX33hWMHxQdBhoBK584qvMLR9sbRtc,C5oLn4eK4qT1c25N2tFtmbsFxEPiFtc5RWWKUQkRdgdJ,0x3317AD9eDa6942b5a7BE5BA83346C0Ea82C3C26C,66dZES61CQGe4xZLL7kXqBwpFiwmCnwkzM1ZwfXxrXYjQA5DhxTA1BmAWenoT977B3XopRDGWFA4oFjYiYRCK1Uc,
"6/24/2025, 4:30:14 PM",6uhgbtRFTdYn2vCMMKnWZFicjjDRdcpySRsY5XgftBnw,1011649.28,HUvZrp62buEiiJd3JWvEZmCBmpxQtfS86fS5GgCAAkM,C5oLn4eK4qT1c25N2tFtmbsFxEPiFtc5RWWKUQkRdgdJ,,4axpq2Hv2nqXDdb6jUwGgnqhhjwJG4KPsXxHZPro4EruJMkk2B3QaSXaTq7a6FPRgWLPDBGGzdMJ9Jobw2XMsmu4,
"6/24/2025, 4:03:04 PM",CeJ8tWzMR774zUVahNjfbYfmHwXaHuDyQdvUYubhDjVX,85000,8EHyL1UZyRfTfCYBjrS6Q7S2B1rugxyeX4vfuquhZC3d,C5oLn4eK4qT1c25N2tFtmbsFxEPiFtc5RWWKUQkRdgdJ,0x8de8bD3B27932eeDdcdb354CCa625fE3dB491E54,fGg2ErJJaLNzGP9eeSgGidi4sM5fs7yzh6EuSTJjxMUhEAnnxWmevW9XYfNuLJxJgae5wLaVxoriG3NxHbqgM2d,
"6/24/2025, 3:34:16 PM",DG9BhHk944HmvedgxSPU8uUSw9jyeev9Qwa4dRPSRhrG,114847,4Le1ahqKWnQC87zVXbfgUhxw9nxF92ANPeE3xH5GUU52,C5oLn4eK4qT1c25N2tFtmbsFxEPiFtc5RWWKUQkRdgdJ,0x01Bbf816f2342d59B77E0949D71b4A74dB51c045,2B3JCBbc6rcSYuBReU3raNMZkWwasiaoBnW4DzH6qXq4MqRcHzDbwkSw2sRvfnUqvjGN3fLG168XACoiTgFJobiz,
"6/24/2025, 2:52:10 PM",Az5jaz5zp3KV5wRJCyv5eaa7VJghhxKq4o1EPg6MKk1a,450000,A3kk7s25vCrdzMMdPRC8P1zBoqySsk4PodxBmY67XjLz,C5oLn4eK4qT1c25N2tFtmbsFxEPiFtc5RWWKUQkRdgdJ,0x437f40efdddfd6c63c90504d3df97f9c8326d25a,2jxXCEvjyXUWK3gCNK2sM2xP5BoPbuL3etv7YUWwXmCP7mtQtXodymY9znCyroo8BVpKHhwLepR3Tka75PciDWhU,
"6/24/2025, 11:27:49 AM",GGMj3RewCiRYZWfYucrEaC3LLHQTFe33wpT74PLy86AS,2362240.026,6LMndLPXPCDdNHAj2vDF1arEfoRCC4HQLUs29xJiNyit,C5oLn4eK4qT1c25N2tFtmbsFxEPiFtc5RWWKUQkRdgdJ,,5FciP8kRVveELt1j1nqykhfyRaATLyE2JZhTkMXXSzCFK34tzvN8ZVjHytdyQtYkx2V7gvtGjr7bcDKws8qwz3aw,
"6/24/2025, 12:43:10 AM",7vEk2JU24XmwuYLubSgSGhCfAAzAGrJDPxKTmHSUzf7w,500874,7AE5FbPCeDkLN2ML9z3aGRtNsgTq8XBKKAWX1NuZNFbJ,C5oLn4eK4qT1c25N2tFtmbsFxEPiFtc5RWWKUQkRdgdJ,0x303918A5A9E7a5C522E7b1Cb340Ff7d833F92CEB,QFSWhBBGnUNgq5moa88VEnHd8wejvKvgEJw9pzvjwwgMjB1LaaB3AznNgyDSUX5Bo3GukBe4vVvmCVXySp475b5,
"6/24/2025, 12:35:03 AM",tromX1oY3WjxhHVC8hs83LqbRN1tsV2ggBoh6GfDmcc,2821537,7sEUWCqLAgZuEBkmUuKC7kKw2p1DE3ttgYA3xn4u68Dg,C5oLn4eK4qT1c25N2tFtmbsFxEPiFtc5RWWKUQkRdgdJ,0x5030170c5dddd73545419f5c86cc3853f7179599,3gruZboyDPPcDcvKYsZTTh1YTZwzTJMygqSrnVEXwA4SMTUncHNS4tVsAvd4eu9bCr2sndpwcjk9gmP1haLuB5xQ,
"6/24/2025, 12:14:39 AM",4kqm7eHYxT7NX56WefnBjGaTVgUBMX29Ugu9Ym7JTuPd,810000,5mke8iv2DL6BbHMhH39o8nVFqZdwPmxHEAvW6VYe2ADa,C5oLn4eK4qT1c25N2tFtmbsFxEPiFtc5RWWKUQkRdgdJ,0xaa5afe724cb02227a5a636d8867003ac4513d9a4,3adgRaiYadk7eZkwX6JXDaaZLzsmHQgXCqcF9itMwm1oYxg1E1NEhZNrjbpG2xtqqdKkYvJpcHeG8KacN7pQn3ys,
"6/24/2025, 12:13:13 AM",2LsvEzWcUoeXvXGbdJSqigDm8eS3ikpgTfVL91HmPeZu,5274828,8jE1qo5mxi7szptXK2UXHsHqjfwK4Td2T6Pu262r4B3t,C5oLn4eK4qT1c25N2tFtmbsFxEPiFtc5RWWKUQkRdgdJ,0x025e488027f3e11694889f449bb66ac1957842dc,3z37DGttXjxh5DRqMJD5emtGGTFjYGM9Fp4Nw53tSu1prDhXe2fdxVvzDxKjtqc7eoomafc2TV4fXcHHvdaty9DW,
"6/24/2025, 12:00:00 AM",5bcMsyuWwov62U4i2iMpJ2JqrejWq6S8eo1APCozHmXZ,15862,7ziYJx4d7e3eBv5GYuJzmGwwhQC16f5pgn9MLGCXbGA9,C5oLn4eK4qT1c25N2tFtmbsFxEPiFtc5RWWKUQkRdgdJ,0x2e4eD688c1070Adc406317e77E869e81b470DC20,4zroJb9ArsG2J4dV4go9B5DqDsQGAb6SS66MxUeejGofNRygVariDdqFPXrR11qyqCLD4UoANZic98vBiQ99ecML,
"6/23/2025, 11:58:39 PM",GrUdisFidjRCoWnEdhwJeefKgfkguUfbpTaDHYA4A397,44063,BRAATNxVypoQqBmN9UymcwdBqDEYWW6wVBY1aF9Mq6ge,C5oLn4eK4qT1c25N2tFtmbsFxEPiFtc5RWWKUQkRdgdJ,0xC76F7f983D8d0CeDD3adbFaF3B3497909664BE03,4uJdw9TZc1miGyNP9Afk935Z1VSuqfiwyvA6jQv3VkZDs9NijhUCFttBv6MsLSJUA1R2Wc6ziVX5aJafRaFtbLpx,
"6/23/2025, 11:57:20 PM",6jExQZvj6zf83VVLfRKGwaoH6UqeN5ZYsiWSJxUZ9afp,382347,52qtYk8n9tMb4KyXR7PfHyA2jZzuo6rPfKAULqRMv9pr,C5oLn4eK4qT1c25N2tFtmbsFxEPiFtc5RWWKUQkRdgdJ,0x030f61c14c10b9601842ba60cef6d82c9c223cf8,3dAZMZXhT45CvrGUBJo9goCB8JShZf6JzVzfZQLx5WYW6uk6DsP7JHuHPzTXDyxHV2Yi3Uy9ZgU8u3Vid1fCNkQ7,
"6/23/2025, 11:38:53 PM",43vnZRfoizE4VHB6PTYghDGzFUxgV44rjVkDrZKgb1oN,3799442,DdJdYL9Ax19ESqMx8XihDKkxCj6BBzdrUucL5GLk7fYU,C5oLn4eK4qT1c25N2tFtmbsFxEPiFtc5RWWKUQkRdgdJ,0x0454d555de8458B29dAFbE93047536b7313D8bE7,2b6zqjv7HF8dxZMqKkpPbUYoR3ocR9Ac3jeeTU3sfGLLt9FwakRyYxWTmRNmmPjwvtLunxkMMpbr7z5XT4pd5ebU,
"6/23/2025, 11:38:12 PM",5uBkrQaZUa9ayC3z1UtDtoeeLC5Xp1m8RooCKnZqijMt,500000,9qXmznhtrNfsDnf5HjBw7XF4jNxoZa4hn7euhf6Pgaar,C5oLn4eK4qT1c25N2tFtmbsFxEPiFtc5RWWKUQkRdgdJ,0x86109657bfcff6f953771e5ebfbfbeb9678f286c,5eC7ZRc6rLPqEdKzEnDydifsZPtvtvfXvkt6kt7aNRUKtwG169UyLRZFLqAamJzu3uuFCtytmua6UVVoFtu3S3Lg,
"6/23/2025, 10:39:21 PM",DG9BhHk944HmvedgxSPU8uUSw9jyeev9Qwa4dRPSRhrG,100000,4Le1ahqKWnQC87zVXbfgUhxw9nxF92ANPeE3xH5GUU52,C5oLn4eK4qT1c25N2tFtmbsFxEPiFtc5RWWKUQkRdgdJ,0x01Bbf816f2342d59B77E0949D71b4A74dB51c045,4CLrK2CkUPTdmufwEem5asiXANURGiPBo51Kh1o2MitcFtA92Don3xixk41MhZ6mC7j7a7ZJFXqY1K3zHnfMZpvb,
"6/23/2025, 9:42:40 PM",HsjQjpFZ8ytxKx3EyFc9W1NYSoNP2TUC3Vz9naFrkRfQ,20000000,Ak9a8bkAk46aowtfr18vcZ8gqHgamM2tZKsEW3LNBR1r,C5oLn4eK4qT1c25N2tFtmbsFxEPiFtc5RWWKUQkRdgdJ,0xa868e2f00025694aaf743b1eb8ab5770b47a950f,3NTT4imoAcB4b8JwQ9AXJYEpxK8HTjnhLnyqq4wiby3drRiDdTcFm2QuhJnTNPbXii5ZN7MEDyFknJ1jTMZfBuyT,
"6/23/2025, 9:35:41 PM",HsjQjpFZ8ytxKx3EyFc9W1NYSoNP2TUC3Vz9naFrkRfQ,1000000,Ak9a8bkAk46aowtfr18vcZ8gqHgamM2tZKsEW3LNBR1r,C5oLn4eK4qT1c25N2tFtmbsFxEPiFtc5RWWKUQkRdgdJ,0xa868e2f00025694aaf743b1eb8ab5770b47a950f,3xjTpsrtATBaVQfMbSr7XCcwjXZgwEJUJNFexqjoareYJ2WViQ6QMZN5iHH5qLzHNDpaudeHi4LkFppsomAkmiPT,
"6/23/2025, 9:23:06 PM",BfGmGCxaucmtZCBen7o936vPyYRgz1djf1PQ57kWrBYb,554427,4JyjfnDtUmpqDoEA5vngQBdbYDoHpwiFJbP9FYS3qVXk,C5oLn4eK4qT1c25N2tFtmbsFxEPiFtc5RWWKUQkRdgdJ,0x2e066e638e6c96f726e09443a9fbc30c34a31c37,XiMVyfxtrs3v6iCAu1FqKKu4WGhMb8fr96jNnivUESQjYfCBCSUCB3Y3P4MGotuNRuk564QKQh8DGFpb4Jdapot,
"6/23/2025, 7:45:19 PM",4ESUih8sdPgCMbqApb8bjQdiPxJ8xd63egeBTn43En6m,372909,CzuqnswRtEfd2nQcn2C54dyEqL7eexctpfATbg9nQtFd,C5oLn4eK4qT1c25N2tFtmbsFxEPiFtc5RWWKUQkRdgdJ,0xdd1acac1f4de9a7bf0ea1064ea1eb16797134d8d,5MHUs86JJH5fMktuNsdLAvHrQz3wJQHfar7fK1uXtqzdGcdqXmBaR9a3UBk5EXeyDgihmQVynjJjEtd9RiRekAsd,
"6/23/2025, 7:39:16 PM",DAJGak2FBotfgSNkcw5mJfoLr15znkmNeJr7mj3UaWKs,24000,7fijWJnUwCLuV2Qsdi6DjkeK83VEvpbb82hhtzJt9wCW,C5oLn4eK4qT1c25N2tFtmbsFxEPiFtc5RWWKUQkRdgdJ,,4G4ciyA2aLEGNknDfrNEuMYu48d2Nuy841cWp63uLhXuRD4EerVPhRHhj5tS831PgBEcUB2jmtqjcN1zfwavPpGY,
"6/23/2025, 7:12:09 PM",BaT66GA72K1hqX78sVdkZBrhNU7XWQKG3bZwpz93t74U,2067850,CLgTVgifzRCvhgu3shWqt4xxRvQ18dFJ6VWMzyvuo2R6,C5oLn4eK4qT1c25N2tFtmbsFxEPiFtc5RWWKUQkRdgdJ,0x446ff58441ae53319ee42c25924c9b2536f11b41,64SPQc8hv2Ed53W1SqkpFpRMSgK9rHMtEJ5A8a9KiyprCrFhYgUDwCfQXVzBRMb1jwjjYyjJNuvWJKSAZDJGZHFG,
"6/23/2025, 6:46:24 PM",Atmd2zYZnMu8q3PpmX5ToA9ZvC6vfCHJzT5LKa2JKLiZ,3784865.243,9wguEPBQiXHXGk9gTZ1qHZCoJZPxU8ywxRTuEWMaxYH7,C5oLn4eK4qT1c25N2tFtmbsFxEPiFtc5RWWKUQkRdgdJ,0x80d1746c34e0d77a250158b943f129b21bb833aa,3CDt8iEfaqJHqWaNAjf8tCpW112ehUzruaXRVS52Ew4JDdVaZPGPVXcNTbLaHwzJkDBbCVioEpSdQoGcEciv6tkk,
"6/23/2025, 6:38:16 PM",4ESUih8sdPgCMbqApb8bjQdiPxJ8xd63egeBTn43En6m,3855948,CzuqnswRtEfd2nQcn2C54dyEqL7eexctpfATbg9nQtFd,C5oLn4eK4qT1c25N2tFtmbsFxEPiFtc5RWWKUQkRdgdJ,0x371aab6cffbe80d6b06a7e6200d7d673dca17e39,5yE2SLUPGSGv2xwbnM5DAGmq5dy1KdNe7WnY52fw6mDjBbUdxU8tNkN4jj1ozTGHfFLtkDcCzjQ382megZ6nmsav,
"6/23/2025, 5:31:26 PM",BnmBh3ouEWuQkrJ1AaFTKRK6eczKycgS4kBngrT176q4,30409,AaNnt63zDNiqVLmnpRpHUoFEJhjp4dqMxdVHqpWKsAhp,C5oLn4eK4qT1c25N2tFtmbsFxEPiFtc5RWWKUQkRdgdJ,0xa4993072f5983a42b73a5ba6c663fd30ac43bfd4,3ReHtn8fhuQ3E4Pi3BgauhjFZkkvjY67SVwXHe7xsbBt9ZBhbzYwe3FFF8Zf2Ji5kRSYLepTyrdFGsBCSyrUQJAw,
"6/23/2025, 3:50:49 PM",9K2jRAfuS7ckDzxstfXJ6mWMSzdSoNuBVKQBsxBjtezS,600000,EEgMBkopQZEasnRW6gwfMqryCzSeBqZdtXou1HNFdaYy,C5oLn4eK4qT1c25N2tFtmbsFxEPiFtc5RWWKUQkRdgdJ,0x4ec28254efdf5f2ea4290b8c9f1d53b0cfb66666,8NwPR5D9pQb2hTW9Ps8W2q54dmwQHUmaaGq2h3AE5PbE3geUsXbVVEh6UrixQATGGYnF6PdbdUP5dbotmLo1tWB,
"6/23/2025, 3:42:54 PM",Dfs278FhYTM7CXgugbvRDG86NLxxQHgvKutJu89aGu2a,300000,Fm5WGHFbHaj4iKPzMm5jacbMWoWEUz3biErPEkoPQP6B,C5oLn4eK4qT1c25N2tFtmbsFxEPiFtc5RWWKUQkRdgdJ,0xa42735c3b81e533098da5a6a6f7946791ef63c18,4twc6yFqBebH5JkXcHrNH2bxrpQ8RdMUiyRJRKAZ7tmXCzKNasKTYai6kad9xGvySSAGc2AUGZ5dwmy5W5ZJkzyK,
"6/23/2025, 3:39:25 PM",NkjfonfZ4xRAP6uw2rJcymR3hV7Jq1cqbMVUf5mxbHr,360000,4CjACXqjAq5MSVoCoUuN9V43JU5KF2VK3u97x9Afzuo7,C5oLn4eK4qT1c25N2tFtmbsFxEPiFtc5RWWKUQkRdgdJ,0x88D243a5655B2DAaaC737C23E331d47E58E2B21A,aWdR87G4bPTHCtzaWM2VrTyYU1yLTw2bKcUkU75zDC8192Q2SWfUEC1QKSYqAYwEmYEiTZCf2EH3efyJjsHdi7A,
"6/23/2025, 3:11:52 PM",Cnw78ztXuFNpQ3d79ekbGFDBbPdUnXT6rELdzPT2H1Q3,182342,3fxodx2hHak16Md5Dej31SW6D27XHzXvcRLZe8yG8XwQ,C5oLn4eK4qT1c25N2tFtmbsFxEPiFtc5RWWKUQkRdgdJ,0x3cc979227a9111e1853cef34db83093fc2b08cfd,52icqdSXEtLZqrFpgFb51b7dYPLzPZMoxZyGfjGk6w9irozh5J186Lj2ZE5CNvdmefDpm9yu2PzgxTvEL9hkcXYV,
"6/23/2025, 3:05:06 PM",4vJyVGWd5iGXjyatSBfLjWWB4vPyH2oUdERjcV3i5N1V,33995,3CcQPJMBwEWTihC6HyVTqCQxUu8XU6y2KyxGPKy5A2LV,C5oLn4eK4qT1c25N2tFtmbsFxEPiFtc5RWWKUQkRdgdJ,0x2af5a990f190f3859af630d5cf5af950642d29a0,2vZmXyp1ZJSrt2onYtr4udHtJgrQGBfj1CWtSqgUPCEccBy2gAKiKz3U4WzgjTwfnVCxeYiJ3NkmnBLQZFMA4RRr,
"6/23/2025, 3:04:43 PM",2q5SKD6uRgjnv7CczQJ4zin2AiDfpx6BvZ1ECgqwoaHy,2386,DWrQBAvLfWFiKqwpjVMXF91ytx5Yp6qheNzkJ18QWVpv,C5oLn4eK4qT1c25N2tFtmbsFxEPiFtc5RWWKUQkRdgdJ,0x19439fCdB55A5A16f44d9AdEEa68670414B3a5C6,4oQsFJBLDp4Yq2DWFhH95cdnsyfFwa2R3WqbAG29qoeiuMNqfXD5y54LPK1yvgFmWwb6KSj9AN4DNDPhBWSqixPE,
"6/23/2025, 2:03:39 PM",48M9bJViQubXD1bYpFXfJGPkYmuwbHj6PMo3tKscHKGU,345929.25,7pPhpFAjP3vZqWAkPdBYVBiUsQ3Wkm2wwQnJKKaaTxLH,C5oLn4eK4qT1c25N2tFtmbsFxEPiFtc5RWWKUQkRdgdJ,0xfa8512bb82196bdc364783a4007ab51d27f4b08d,2B7TAnyPdCkBzJ8ieCZhu2giyATxz9UF4KC2wsnT9g6X3TCHojTFAaaU8t4kkR3uN7rwXbCdqkSqDJCSBjfeM7oF,
"6/23/2025, 1:58:41 PM",48M9bJViQubXD1bYpFXfJGPkYmuwbHj6PMo3tKscHKGU,496967.6882,7pPhpFAjP3vZqWAkPdBYVBiUsQ3Wkm2wwQnJKKaaTxLH,C5oLn4eK4qT1c25N2tFtmbsFxEPiFtc5RWWKUQkRdgdJ,0xfa8512bb82196bdc364783a4007ab51d27f4b08d,5Hqw4um237kUQZihiiU8WzWHbhfdCSVvaXCCrEiCKNC2eVjo6ytnGphmCYPGXQHApcttQzZ9FGG1ozvsJeAsMf1G,
"6/23/2025, 1:31:25 PM",9T5rexp16U3V3oRDKmkVrcz6TmNvYcvuhQ69KnaGowFD,6525620.994,51HE2SadwSfogNtmoWrhz9yzmREAURN2qZ6WurKpd8Rr,C5oLn4eK4qT1c25N2tFtmbsFxEPiFtc5RWWKUQkRdgdJ,0x837e991b1e27023936cb1b64fb9c2a0c4d182a3c,3TVegwisMsEvCgrxA4QHxPTe1uatrBFWDQfmmAxJqKbdK2CA8aqYD8QqLVfBd45fzXES4rt3wcdcgaT2X9Hhxzz6,
"6/23/2025, 1:27:53 PM",F7WtSyh3QtEkM1bJdnEDGWm5ikrMZg1sx7SDruvdjgwr,107930.5239,FR6ZTWZguqMpKARnkgrhFv3w6BhKR7qQqVaDKtdYdnRg,C5oLn4eK4qT1c25N2tFtmbsFxEPiFtc5RWWKUQkRdgdJ,0xe3c94e0091adf6308ac7cd387c85ef88ef2cb893,4PBkbxEFjTJ4cWhJb2rmPDth4htQ1yxdWQrSs5P25rzLHADzu1PERzmYytTsrHMFYMPVsAtwJjfYLCupvgb4Fdqx,
"6/23/2025, 1:19:21 PM",4HS5i86dvXxtSyXnb8N4M2D2SNGVaWHGbkBvUa65DVU2,1754656,6CntpPT1bSCUYg1iZpGBAktbR3bc6wGRq6DZxHdMYFa9,C5oLn4eK4qT1c25N2tFtmbsFxEPiFtc5RWWKUQkRdgdJ,0x180c3e15a3e0fdfae0fdc47d3b94fc3eb84ce36e,2MeDyXPvJDM5CBrzug6FJVAWzxk8Fq6hYou371gKoMUYoWbUhJp1hKHvyxkFzoV24FgDkgw5zFDeCCPrscAmvKPR,
"6/23/2025, 1:14:00 PM",6pzmwCCjt5Cw8U1haJ4tfECJqZg4XUFJw9dGfTQxa5vD,2040700,GbEnTAj1Fk3Sxugx6JhZe132Ds7eo6yL1Dn1Pge3A1bz,C5oLn4eK4qT1c25N2tFtmbsFxEPiFtc5RWWKUQkRdgdJ,0xf008269369015d47cce84ef0105599339523495f,5zxroCyXA2dMRvwmsfh3YPvdez9g7JvcvEznGnGan7mXcMA2L6ee3XXQbDdBDCX2gTgSa4p1fM1GWMvrNxXVg5Cc,
"6/23/2025, 12:53:27 PM",8ze6G8963U2NBNeHzfzapcMyAUhKkTh2hyBmdhUMLRcs,8921207.9,54uAYiovb4yFM1yi9fqksQ5PXyhFTmhPd6r5qDgVThtE,C5oLn4eK4qT1c25N2tFtmbsFxEPiFtc5RWWKUQkRdgdJ,0x82515ac4914b0694f48dfdf0a40621cdf3eb4c9b,49mabCUzisugBjskj6ALbNPue8SvJEk9p2K9enZb7KL2QEegtCUEd4hmhBYyXaoJNLjZap27DMidY3FXuwQEKnAm,
"6/23/2025, 12:43:49 PM",2QaYPvGMxx175vY4Uqyv1kzSX9zEoWzXopXBzf4GcWNx,273983,4gLtZgQT2Rt3mU6cCuv4YHXTBrEa8D9vpXHMxkJS6vwY,C5oLn4eK4qT1c25N2tFtmbsFxEPiFtc5RWWKUQkRdgdJ,0x768995816fb3475016dc3dcdddac4277b7728d0e,2S6yd5s4rpjrmsBZLAPSSUJrcmYAx8HJxa69rKv4rquh8S9tuTWpqhoJtz2zDFNXCMP8fdVbmiSYbeokWyuaBRze,
"6/23/2025, 12:27:50 PM",DjkSoF3HyHXxV58vUe6aonZktWF1v1FvUoCEuDrmtUDL,500302,Ehqw3rqJwzm8ePqzBLqzsSTLGaCqjmV7LZQ3ZmG5UCNk,C5oLn4eK4qT1c25N2tFtmbsFxEPiFtc5RWWKUQkRdgdJ,0xbb39486fbd04299dcfc0b315faf765894c68d4de,3XuiaVJwcU6a7daKPszcV2FMjejwEvaeW5ueMMe8ghFejXTmnNSMVf7vsvYu1VXrYpEmWLwZ4shHH61YtXpYDHjS,
"6/23/2025, 12:21:08 PM",8pWXgMwY4zYJuTbdd41TcVLpttfp8iLScdoGQ49XzQbj,1000000,618dKKhrewJTA6NhiSKXD7y8xsaopS5qwzijQt6nJE9U,C5oLn4eK4qT1c25N2tFtmbsFxEPiFtc5RWWKUQkRdgdJ,0x75d93701bb752edf357bbc9de4a3d0aacf8127c2,3wj88nmjJxCf6UcR6hde6rY3jRqHUHqs1ahtBgQyDmhWQznxC8UMQ9hkuHGw3NL8DW61SGusUm8nDvxZ6JEQfqJf,
"6/23/2025, 11:23:52 AM",CWJeHknUjuftQ5jk1zhtRtnaXzLXcqTtjnn37PLG8rcf,76622,4UNa7pgeFXHK4xUbXSWyhQ5F6sJN2oWgf53geyhQbKy2,C5oLn4eK4qT1c25N2tFtmbsFxEPiFtc5RWWKUQkRdgdJ,0x0A831C49a68E8468928A330D8D63425C568C4A05,5pcpxgritDC6ckMdG4ASaC1kPzNWG6gdefLTRXCyCYTNyR3exZ2WfnmesTXWaHuQkPH6XcDAVSfbXtfYAwvJNKEQ,
"6/23/2025, 11:19:10 AM",2N53Ui5LhNPe8ahpQC2xwUAqEZVj4RpTifRQ1tYKvQvx,17530000,2LiNKH7bmkZ8W7eFVr3imPnxBcYG6iJQjf8eyueGY1oy,C5oLn4eK4qT1c25N2tFtmbsFxEPiFtc5RWWKUQkRdgdJ,0xbbd78233f019e3774baa601b613cea31bbddd4bf,679AFn8wnhaTSoNacjCAyQy1ruQ6nyvkYp5PExMuCBTfisFoAz7LSBS21oYJBVbYDgmmy1udbE6EGJV6Xpbj8snQ,
"6/23/2025, 11:15:54 AM",7GjeiAajanV2rXjdCEb6H1sedHKscucQgzY7nq73NyHr,2269005,4G6x5mGiHLuHKftoY4BiC8GjzKkPD7fYkTRdhyw2Hvbh,C5oLn4eK4qT1c25N2tFtmbsFxEPiFtc5RWWKUQkRdgdJ,0x374Dd2CfBf70580e9366e35859DB6343a2B4bee2,qTCWfTdTPG2pZ56vSzYVpPH2S8VeGyWSgnXD9evxTD7kKTLLj2KKqB4Vq5rCJPcmkt6v6w6cqxP2jGjAPUe8aU2,
"6/23/2025, 11:12:04 AM",EbhtG7LPL76NqQr7i1EkbyFhdo67onYasVLya1ckA7T5,270000,SXkxauqrwNmLHFykdJMKZxu84RwXZxDnUGMH93nkriJ,C5oLn4eK4qT1c25N2tFtmbsFxEPiFtc5RWWKUQkRdgdJ,0x1AccdB447c65D5F40aBEEed4BbCf07f4032D2A3A,5krmkvjjb1MqDsJZu5jYKY4fS3uyJSJFxnv3jYcNMVhSD5uRcqYJQaPAumMKdtMAiqDaj4SgbPsb1PM5pF9UFpj8,
"6/23/2025, 11:09:28 AM",B2gHVeC6K77x4UXrWmGvK4dTA8Xhy9eX4tgo7EsSGiSP,180000,7zoKhxHG2reSjyFFJSCoMrxC1s99V6pDn4hdcCLiJF3k,C5oLn4eK4qT1c25N2tFtmbsFxEPiFtc5RWWKUQkRdgdJ,0x7c7fbe9df9ef24f6cd2eada7aa28095840594432,4VnVE2c4GJuxwLcriSHhozps61BdvBVasEUDjZUVbGvfeQFEVPx7eQFniLTwsBbvPUVfZmFREBfmnTmHdBrQoHvE,
"6/23/2025, 10:52:54 AM",8v61RHnVuNcKKi5WecEoCoRgdR4ttF5KwpfTiSDFuAsn,700000.6887,4RBKpGH27ycAeDqzz2v1gBqLC8ay4GvuRyAkxjim8QJT,C5oLn4eK4qT1c25N2tFtmbsFxEPiFtc5RWWKUQkRdgdJ,0xa15AAF9B9a85652CC7CD7fdA9f85e6404B806a50,3s54CeafNKJxtVZT1jmEZVTubeQYzWnJPW9w7wMykdU636GEATzuPLoQESGM9SATvCfSPNG7pLb9gHxbFTvULjHt,
"6/23/2025, 10:35:57 AM",9cthbqwvwzYkfFETDytx8y3B6i4TTXfTvnUuDieuJksG,546556,ArB5FxHo6zc6zyxmz1tDJLwWJ8nt6NaoTgx4XJJB3uVt,C5oLn4eK4qT1c25N2tFtmbsFxEPiFtc5RWWKUQkRdgdJ,0xd93aaee6a1548def3b2b16f982900aaf0fc7237c,4BLhADC9yp2AEmiGP69MJCfXhovSsGrGAP6xYjUBjjkJbEK4kQVFVu2AhmSHkJGX3hsvsbRZfNnaAAzDQP5VEHVk,
"6/23/2025, 10:14:44 AM",63ViiSzBgroutvyq7jFw949RAYLcGziMtfzsi1rxLG2e,55555,5zZwi3aBsAD2oDv6sbEHkeJEdCszSaJE1erMUR1hHW2X,C5oLn4eK4qT1c25N2tFtmbsFxEPiFtc5RWWKUQkRdgdJ,0x658CafAb073a0EC6Ce6Ea0baA07b4E6820F560d3,3dtvZrNjBk9VH6WJYFczWFT2SgFZM6b4JgyMFPbNTFfLaXxmoebMEeEjEs1pNi32cR9UcVD9X9ZKnd4EaBxoD8T5,
"6/23/2025, 9:52:21 AM",AvpZAFruMujubVcFnbMZzM2VdwQbrKae6j6qRt4mmwzF,318954,CagFQEaiekJPEcaFVshQfuKQi9KgQNgvje44fzo6DKFa,C5oLn4eK4qT1c25N2tFtmbsFxEPiFtc5RWWKUQkRdgdJ,0x6c8ce3ccb7711fcb8a1813277de063db9e61a074,eEFoKKVzPb9edJ8sK2UjwacAKepMN4ASFVRLHmsPtUVVVwRbPy4JcuX2LGoTaSuwwnXtVtZQ5ngMgBiYv3Y7BHb,
"6/23/2025, 8:45:26 AM",3bS7S6fqwVuN23hQmABGWBnXVzEtCkd33GxJy95VBdPW,143510.6094,3N1uPB92guMejs8SqRFDig5DAKRWVEb5Z7RGAZ5s2e35,C5oLn4eK4qT1c25N2tFtmbsFxEPiFtc5RWWKUQkRdgdJ,0x4b9de77ede736a085b858bad46879354c380599a,2bGEN5D4BEDbn6qugYHbxcL3oLPzr9WZrLN1Y13gvk9RMyPc9ixEka1PMGcU4F6rPjmbNwzoqV4dQeeNgbZxZfhu,
"6/23/2025, 8:40:26 AM",3uUEPMe6SHAKdoTtnrjJg3KeBNAAwF2NpZNS5dj9fgTq,2119415.754,ETJmJpaANbXy9Q8M7w1gnh5NeBPEEqrndHWQMGD8Wr86,C5oLn4eK4qT1c25N2tFtmbsFxEPiFtc5RWWKUQkRdgdJ,0x4b9de77ede736a085b858bad46879354c380599a,ZHCZVKDC4koNbEeEHuTV4RyinoXAeyQ9ciNzHZ1U2nfPex1P4tRKRwy8YwErvRdPX8y4v2Hn2UPDMr5azzTyi7g,
"6/23/2025, 8:39:51 AM",8aege7GEfwt8QsJhEPqByNvHk6WD7uNpyA2wiVgFQ7cN,2241707.71,6SFgruZcJGSDBmgywemoRzHpdU1qoRJ9MaieqNaBR2Hq,C5oLn4eK4qT1c25N2tFtmbsFxEPiFtc5RWWKUQkRdgdJ,0x4b9de77ede736a085b858bad46879354c380599a,3wyC2ofMgLCa486GQPxuoukEiEuudoeS1FkWfT9AbazuhiQHoaWaSneHhKa9yr6KKyeXd1tTj1SY6wtMGHNXgS9Y,
"6/23/2025, 8:39:12 AM",8hhx23Jg3Rm4kSkJjqJu3KAPNW9aDLVQQ3P4YNJvCen1,2755566.744,HugZJ91sTRTPdS7iTgevzW8WShg4Ac5jyEzpmDbYsg5g,C5oLn4eK4qT1c25N2tFtmbsFxEPiFtc5RWWKUQkRdgdJ,0x4b9de77ede736a085b858bad46879354c380599a,2hy6mdxgA7PLzQdnjyJUaSc4kZxNmySZKDDrZYToSiWJ3mTpQN6Lm3PkaXnwohVisA5VxHyte2Po79yYwwGdmw7M,
"6/23/2025, 5:13:37 AM",8HjXa14XamKF8fuwHFwgwXb9oFb4TwE42SkHYscKk1yq,1000000,52vSkuB8yTUASEPNpPSnF8mQN3buWZfaQCw48jjzrnMM,C5oLn4eK4qT1c25N2tFtmbsFxEPiFtc5RWWKUQkRdgdJ,0xd41ac3b004314cee413563ac98cf41016daa3e55,3Aatk6wD6E2wTdzsGJZiAN5mFJX5ieaS3QCVbnZ34NygJTDyQHTURgXUCcU6cui81kpbQUr3FNfxasmqhqfW9h3a,
"6/23/2025, 4:37:06 AM",8MHEvCQZ2BCVvHZZT27cXn4qxyGcWYu5S9ZPnPsqoTWj,334401,2MynSTejScAFFYaNFGEdkoPdjnKMESJUR1kqq7A8ZWq1,C5oLn4eK4qT1c25N2tFtmbsFxEPiFtc5RWWKUQkRdgdJ,0xfbe9df741ba43be0d91f3438b4c3124de0f150d9,5AR4Jh17YmrDA8ZSQqNqbAVEMygD865CKQchycbFjHroFuW9b66fSSo6E5MUFhb2txEwponPL19FVBnyCNQgAPzB,
"6/23/2025, 4:03:31 AM",63ViiSzBgroutvyq7jFw949RAYLcGziMtfzsi1rxLG2e,5000,5zZwi3aBsAD2oDv6sbEHkeJEdCszSaJE1erMUR1hHW2X,C5oLn4eK4qT1c25N2tFtmbsFxEPiFtc5RWWKUQkRdgdJ,0x658CafAb073a0EC6Ce6Ea0baA07b4E6820F560d3,5Q9LZhCHqnKXrpu2prnPXzfoRAonZfZJUm9Pj9hAtZc7hsPXRWowMNZPeqGL51GwcSrGyUGT6E5URGe6giKcGAYw,
"6/23/2025, 4:00:51 AM",63ViiSzBgroutvyq7jFw949RAYLcGziMtfzsi1rxLG2e,44444,5zZwi3aBsAD2oDv6sbEHkeJEdCszSaJE1erMUR1hHW2X,C5oLn4eK4qT1c25N2tFtmbsFxEPiFtc5RWWKUQkRdgdJ,0x658CafAb073a0EC6Ce6Ea0baA07b4E6820F560d3,27qGMTCQU866iJWQs8Sxx1Z8JR5SN8WCjr4cmW4beAFR9mA5QVSf3Lddzuja8kPUoyRG6gRxeZW71WYwKzVzyVJq,
"6/23/2025, 3:59:09 AM",3u9KMLBrV323PSBwy2B4Uq1vcGRB688FxFEqgwL5KUas,100161,GLG2vQjc39WFtXdyDoPKSMQ2mrWeQ3dCQTLXDVPCbPVM,C5oLn4eK4qT1c25N2tFtmbsFxEPiFtc5RWWKUQkRdgdJ,0x564268FbC519C6bD202C877f6fbc9F2068d3BF53,2y4amPR3VAXiepRYpVtD6DhZzkZ5qriDR1jtUkM82A3fTpMxVXcnNqbTWQAppMFovT1AAqeMdAttkqd6MJa8r2gW,
"6/23/2025, 3:56:04 AM",63ViiSzBgroutvyq7jFw949RAYLcGziMtfzsi1rxLG2e,100000,5zZwi3aBsAD2oDv6sbEHkeJEdCszSaJE1erMUR1hHW2X,C5oLn4eK4qT1c25N2tFtmbsFxEPiFtc5RWWKUQkRdgdJ,0x658CafAb073a0EC6Ce6Ea0baA07b4E6820F560d3,AG8g3weNrjcvmensT7w8qAGpsB88fb7DT4WMbPnt65cwQG92whFNkCXNwc3Fax6gXFnxdwusVvPezLk17cQnfDV,
"6/23/2025, 3:49:14 AM",63ViiSzBgroutvyq7jFw949RAYLcGziMtfzsi1rxLG2e,999999,5zZwi3aBsAD2oDv6sbEHkeJEdCszSaJE1erMUR1hHW2X,C5oLn4eK4qT1c25N2tFtmbsFxEPiFtc5RWWKUQkRdgdJ,0x658CafAb073a0EC6Ce6Ea0baA07b4E6820F560d3,4nmT6MnrZiKGWam3gE7QQ4aAhwSYFrwRTPEMYjsrmnsvqKTvHPPFHCAk73zkjcxm6WHS28wHPb2VbCVr1SfdQat3,
"6/23/2025, 3:43:39 AM",63ViiSzBgroutvyq7jFw949RAYLcGziMtfzsi1rxLG2e,999999,5zZwi3aBsAD2oDv6sbEHkeJEdCszSaJE1erMUR1hHW2X,C5oLn4eK4qT1c25N2tFtmbsFxEPiFtc5RWWKUQkRdgdJ,0x658CafAb073a0EC6Ce6Ea0baA07b4E6820F560d3,spqjpCtExUM6FcZcmkiZGpLWU2kpJXraVQoDqpZLaWf9AoPhe1t3F1NTbaPHtjkCxeW4nMVvowKiGcMXFY6U3nj,
"6/23/2025, 2:34:34 AM",7zgwq67s9kyFGJGAD5Q7trzZ9Zq81BHfBDyQNFJMswM5,2550000,HwheETGaj312sUiqKWdDhyZQWnp8rY3Au9Se5NnHEwyu,C5oLn4eK4qT1c25N2tFtmbsFxEPiFtc5RWWKUQkRdgdJ,0xc9f540764fbd7e9bA788cE1306fefc8baf0e956C,3xp39tbpw4c5SREcRDpVyEPVjVu4PUwoKXScymJSGBskuPh8cn3epytUe3sBNTuyZoDrKNDJ28JPnb72TQajX3Tf,
"6/23/2025, 2:27:06 AM",B6Fjhz3s6XfqZ6HQDHfj5A6Q9vyhdTF5RqgD18GCHsFv,2450000,JBWcM1NNemBL174uFusrQcZjJnCDXBnuFuY9NAyER2cA,C5oLn4eK4qT1c25N2tFtmbsFxEPiFtc5RWWKUQkRdgdJ,0x372a5923258b5622564a98e2241A91F19A71a386,5mHC37b1Bzrbgx6LGZurun5z5Q6FZYcsnNmKr2yW5NDb7xS8xqjGP4LD7cda6137KMTVmPY1UgPX33DJ3YUTKwiG,
"6/23/2025, 2:21:02 AM",CKXyYjbWJUd7AWH4pDpMwbS6Xy4b9VAvKN6LaVhVeFcR,206256,Dr79PBH5XjrkomXdFvV5WkgMBQSMUeiHs5oQK9CtGkaU,C5oLn4eK4qT1c25N2tFtmbsFxEPiFtc5RWWKUQkRdgdJ,0xe5e93AF4123286A2764eC60ca61dCDa1D82c3ec5,5Dm6nRm3HwEdbb3gSx9njiqp9rgJjxJZVTFxydcHk6P6dH231NFKss5bDfTb6eBSnkKz3mixaJ44pYf3vEFmtu7X,
"6/23/2025, 2:14:05 AM",6oL5Za6u6h2tKKZrGLKASaG639b4UGA7hdMnSKwjRKUK,50000,FUM3catcZ7tV1A9R98Ny7iLVJzy7P33dBg8EQHoph1Xq,C5oLn4eK4qT1c25N2tFtmbsFxEPiFtc5RWWKUQkRdgdJ,0xdfc66c5B8B7b4E009C115426eC282ff112BC4147,4BEqw9sDmVq3xJPteKVcXF9S5QWPaSF4Ts1VHqVSAS67maX5ujWhpWqCHgdtJrbGKdGkzWqxGKd4T3wiT884kuSC,
"6/23/2025, 2:04:33 AM",6jVi633xEV9LaJFwkc9gPKrPyPhvfDTWvxzzrLo7Fr4z,2679218,EwG6xk1rzws3mKmRfwNiEGLu5huYVz6kusa4rKHDndKi,C5oLn4eK4qT1c25N2tFtmbsFxEPiFtc5RWWKUQkRdgdJ,0xD9E0f85244D7F4Ab5fE7989C3CBdF730A2e2d2c0,44HPKdqnjM2HwTBFUWExXzgu9S2cB9Tpc1sySti8f9ogUFV3vsmYQk8GoLxmbL3MN9HJn8ofcS4jURtAQiB1VwYF,
"6/23/2025, 1:59:52 AM",B81TKSsFuQgEgSzTeS79DR28chmo3893yqF3QCsFPkp,3500000,9XvphJD2hVBXo76uajGhkadWLnkLiNwrhKHmXPTHQxwc,C5oLn4eK4qT1c25N2tFtmbsFxEPiFtc5RWWKUQkRdgdJ,0xeD266779be01AdF6E15124ab76f502dA8e77cE73,ffWdgRUDVNJGeSPCvv98KxfBcDJrXBm4x95GstMF878cQUnQBUdRUs4a4rvXUm9o5nttTPQABBwuYJDcrnXhdXm,
"6/23/2025, 1:28:19 AM",3Xeseb3W7dfqg9JzvH3eJNbBKCMZMqFYXN1bBLhgE9ps,247697.3447,A5bHVcxZrk7A7WHxvpAnYyWQjFj9AqwXq2PYaCGv5aUW,C5oLn4eK4qT1c25N2tFtmbsFxEPiFtc5RWWKUQkRdgdJ,0x4689b54583202593a06551945f824b5b649ac2b2,4aKNfmBCqaAqZBihupHKRWq1rcytqhyL27QGc8MhbfmLNgzAJgK7f72rFtRWmkZggkaRVJUZvqhhJJLda7hKxR5G,
"6/23/2025, 1:24:49 AM",35AWqrtzw5G4CrjAjodchqyTpMt34LFfJx1J3dERXMgA,4071585.916,5wDHQebkeYnYC9C8anhUkxbt5rQb6RoABUEAbdS27xRd,C5oLn4eK4qT1c25N2tFtmbsFxEPiFtc5RWWKUQkRdgdJ,0x6013a8e2a1c18f00ea50ce8bb4aaf754466d5b65,4tgi27gddPFmEnBhijEgSDzUS5etik7XcChcqozJeqemY3SqejYWWWaAnWHutqqu51BGrV8DhAy2CCZGVuMWWA9T,
"6/23/2025, 1:19:40 AM",F8fCWTy54zfpmyYeGDJdPgWXRfghvNfTjbgWDdbDGmAe,362506.2367,2vvPs5SrtidLc8MbkLAAWgRkFDcy5es4Cf2SkxrGD2YB,C5oLn4eK4qT1c25N2tFtmbsFxEPiFtc5RWWKUQkRdgdJ,0x6013a8e2a1c18f00ea50ce8bb4aaf754466d5b65,4F5Rct2yPXNP88TtZRAmjeBFdJwamqtbuYPCijjw1TCVexkz4rB5zc3gZPdqTHznKe9odXaAc68mDFcGFfsZ4194,
"6/23/2025, 1:17:48 AM",Dh69JFKPSwxCMP9kvbhgPsdxPdbTKTFhHKF8Z12fmFQ8,402236.7474,3UvQhgD1uHGYEgovTFj2Us1qyRsZE6jSK1LM5YqxQxM4,C5oLn4eK4qT1c25N2tFtmbsFxEPiFtc5RWWKUQkRdgdJ,0x6013a8e2a1c18f00ea50ce8bb4aaf754466d5b65,5fB7BYeG3CTunaGYmSYJNVr4SjeRmatVtprP3gMSXCFgQnSmFn7ihA88wV5sJdffctKfJ8jnSG1z41j1wYvk1ijq,
"6/23/2025, 1:15:13 AM",APhyMCpYjQ9RdEBn8cs4ifyBXjxAS5JtM3wYpWMJjsY5,298342.7231,AkwHfoYbjkkDX8dwcjJ8jQdRCN7XVXipskL3bT7YAy6Z,C5oLn4eK4qT1c25N2tFtmbsFxEPiFtc5RWWKUQkRdgdJ,,2V8QTc7WN4AacSRtGVCGmV1eKSRLXjEjmqNna5NXk1Nxp1DDLiq9Zh2Swm2o8kiwrJ3UjeMMiKBoN43gpcRk8jci,
"6/23/2025, 1:12:49 AM",9Ecoz3bxmy8j1EtrEDKZq6B1N53VxdhVdooVpLDQiGbH,289365.5172,AcTj9kVfxtW8XzLKimtLkCUNGDmA9kxTGsw4F9Devbud,C5oLn4eK4qT1c25N2tFtmbsFxEPiFtc5RWWKUQkRdgdJ,0x6013a8e2a1c18f00ea50ce8bb4aaf754466d5b65,42ec8Q5QARE9LTgFdVZ1QWetP2UGyuhk5mAjscU2v7iuASUWaMZv5S8FmfJXwz6wPubvxue27o8va65bNGk5yZZa,
"6/23/2025, 1:05:03 AM",71KNFmkWmjTkwqFu4deZnYvTHyK6QtMnzhjjWK4Areud,402597,73AcLNUiRLM4YA7CiPsG8TeJVdba1rK5SqWL3LCnzQRt,C5oLn4eK4qT1c25N2tFtmbsFxEPiFtc5RWWKUQkRdgdJ,0x6013a8e2a1c18f00ea50ce8bb4aaf754466d5b65,3TVkLiLupDhSTbjfrES7Z6jrbKe6VtLq1QMYL521hyXGxQgQmtkLJ6C7GYqDBCzr1bXmvoP3isTrquCYsERUBbM,
"6/23/2025, 12:49:07 AM",Eo9xWUxMQhER54DnTTNCZRTn71GdHentoaqwxhVF9kWA,341938.0542,3tcwjBfiPGBi6d84SP8SQwznYZr4f7QC4GEmZJfU3cMT,C5oLn4eK4qT1c25N2tFtmbsFxEPiFtc5RWWKUQkRdgdJ,,4gjtpoyV43Lcpn46Gq6bWPAYp5NyBdyiupRCBScQM3bCq35dS6ezhHp8s1Eiut7YCYCWTT4dvbPmbDeLJB85wsc8,
"6/23/2025, 12:48:55 AM",D7hzLKgPRXJDGhcuRpTXfbWnxez41EVE6GdK77mhkxTx,4357732,A4U6GES7M7XfR8MqQVvmDhBw7ULp6oh3g81ZSYnYR46u,C5oLn4eK4qT1c25N2tFtmbsFxEPiFtc5RWWKUQkRdgdJ,0x521454F77E5Bb36528E8C15028C36005E804A7A6,F81tyYUzJSERchH7oLb7necpi5mPeA7bH1NKUGTmbDHF8bo5qAUww1ZCyybnYJEhWk2PogECBePwTuXXqBAxX2r,
"6/23/2025, 12:46:22 AM",3pFFuS3BVddb7eGYwwUDQDjF1aeWhnJYMAWB8npNPDjh,308462.2932,9Qkfmb8iiXGepTq4SaV6Wb9Wi8onYWdw2yw3yPXhgRxd,C5oLn4eK4qT1c25N2tFtmbsFxEPiFtc5RWWKUQkRdgdJ,0x33171F870B240aa124062D946b028c418d6374D6,8r9t6y3qArE3uMV9mTxxCoMnSGDVR3PmwmQiRFxWhU87yXJKG8eEQd26dPA8fLTMrPehdStSPKsbeUucBa4quwj,
"6/23/2025, 12:31:38 AM",3xVWQGBVFmJVdjc2Jjk2dtsk2ycww12ooC2AosKdtfUx,288209.456,w9ofcUYRSqUGQCSQD83kwTtffWP9o9DhGy4ebKsyu8F,C5oLn4eK4qT1c25N2tFtmbsFxEPiFtc5RWWKUQkRdgdJ,0xd20d53e4170f1c4b51bd126c8a8ef247e62b374e,5xsKYjkmdiDT2gCVq5omwAS49fKgKyJr8VgLNaC8HRKTsaNwXnRKJMb612zSKsxAuRugRd7P8WWRTdCqW9rjxrkK,
"6/23/2025, 12:24:44 AM",9uhWKw6bNRSFtzdfBR1By3he3hVtWxS69wRRVyH66oMh,492800,H4AEeqRVDDV4GeRbFQ9iV3jg1beWWvFxfwoafF4zc3mR,C5oLn4eK4qT1c25N2tFtmbsFxEPiFtc5RWWKUQkRdgdJ,0x801e17b131f26383a1a63cb0d5a75f9f399f0402,6cr5tgf1c8k6BPUBvLAANde3NQbNQ3X8DLxCWaNoHCmf3aBbnXaTQ5zwFo9eCvJrGBaRwCvEmKSm4Cy6Q49PH8V,
"6/23/2025, 12:24:31 AM",UzWnk612bvwLNj9qTTW5fCYWFoaeLy8tUUGFutRRUaP,849553.8214,3wAANhTSuckjLSZJ1DNofhnUANpceiC1VFrvFsGJij4V,C5oLn4eK4qT1c25N2tFtmbsFxEPiFtc5RWWKUQkRdgdJ,0x8110b702fd55560e8247d1ee07534818bacbe49d,Xn5YtQUS2R4Fdtwc2tear1HUHXfZqrtuu9bynRqXqoY7H3rdPtPdDo4BVAkojvSS8o6Y9qkZ1JJLmc44geBqVjE,
"6/23/2025, 12:17:20 AM",3ccZHgr3fG1TGALek7tasdcuTdC2vTNfKrrNNPvvNuCb,541878.9159,2F2sSYJCUqvH4DxdCvAC5F9vu59LMkyRya15mqFudEjX,C5oLn4eK4qT1c25N2tFtmbsFxEPiFtc5RWWKUQkRdgdJ,0x10dd30d2601fe05001801cea51ee435717573052,sTRZ574R5kNYniUSMVFGx4AszJsd3693s6Hdtr7P7vkgarkHgwHYQcFiK81CKivayb3q7daGa4KaAfjfYG6YamW,
"6/23/2025, 12:16:24 AM",Eq6TwiFDAsdX32b939JfVmVgE1NMznoVWwgtNcB4xn34,73133.47949,9cXLXnBw8PCpuEkrKrwTZseBwvf2wgZborBcgZjKMH2V,C5oLn4eK4qT1c25N2tFtmbsFxEPiFtc5RWWKUQkRdgdJ,0x5dd344f8c3f0d2292837961a66645bd31e2394df,47wb1KfUyPpNSJnSkfxexFqbSh5ynB3boRELVHNCnQykwNZ3Y5hYSmwuzqoXQ9YAq6qWjjuJhKzXxnHqEYGgSjvm,
"6/23/2025, 12:11:37 AM",APhyMCpYjQ9RdEBn8cs4ifyBXjxAS5JtM3wYpWMJjsY5,2873323.689,AkwHfoYbjkkDX8dwcjJ8jQdRCN7XVXipskL3bT7YAy6Z,C5oLn4eK4qT1c25N2tFtmbsFxEPiFtc5RWWKUQkRdgdJ,,3x4uPnntMU8646V5urXC2RQpRY4X9h82oz4bzNKmt95jvBmZV6JaYqWqzeDrVNi3btMcG6JPdazD9eLcceKyZbHS,
"6/23/2025, 12:07:11 AM",8iwqNFWx6g4Xp4VGnRo8uUtvUGpMVzgxFqBXB1Wm5tJU,271658,4ijMB8KbSg4zogv6mquyjEeX37NtoN482uDCjjAHp4Fx,C5oLn4eK4qT1c25N2tFtmbsFxEPiFtc5RWWKUQkRdgdJ,0x030f61c14c10b9601842ba60cef6d82c9c223cf8,oFPGGM46CCW2sB2kg5ofXVSVfgPQq8k8phgHb68JLvsPHggbMXUEs61GoqHwAgaWavXuy1Tc8fRaceV5YtXby6w,
"6/22/2025, 10:46:27 PM",8RaoGMYqvLUVs4q8yV7MXiLf6ufjdXHkPhgiF5uMwTzT,213000,8MJ5Cxh8hSNcH5nE5mLEZ9A1pqufH5BzMt23UqUQEWaA,C5oLn4eK4qT1c25N2tFtmbsFxEPiFtc5RWWKUQkRdgdJ,0x0454d555de8458B29dAFbE93047536b7313D8bE7,3RGPjorEfcmsN6vjYRygWGxiA4DdFYa4962dk3euaNyLsMxzBxi75aBA4qGhZqToQy8hXCM9VXs9CRabm3tN8KSE,
"6/22/2025, 10:32:30 PM",4ESUih8sdPgCMbqApb8bjQdiPxJ8xd63egeBTn43En6m,1627966,CzuqnswRtEfd2nQcn2C54dyEqL7eexctpfATbg9nQtFd,C5oLn4eK4qT1c25N2tFtmbsFxEPiFtc5RWWKUQkRdgdJ,0xdd1acac1f4de9a7bf0ea1064ea1eb16797134d8d,5SCbHxkjFPAcqJJRjAjKH824939rFSBnXAB7jKZoNtfoz1gThrYwgynd2yg1V2QstatBXpCgSEFpis5KwoYpd8MD,
"6/22/2025, 10:31:51 PM",B2gHVeC6K77x4UXrWmGvK4dTA8Xhy9eX4tgo7EsSGiSP,10000,7zoKhxHG2reSjyFFJSCoMrxC1s99V6pDn4hdcCLiJF3k,C5oLn4eK4qT1c25N2tFtmbsFxEPiFtc5RWWKUQkRdgdJ,0x7c7fbe9df9ef24f6cd2eada7aa28095840594432,62rjCitfwmfwEs88UEjQZqFNKmzESgwn9xbhisG4e9U5WwUJf4VJX1X8ETJg352fuevpCKCzqPv3tUuoXGQymes5,
"6/22/2025, 10:22:38 PM",8iwqNFWx6g4Xp4VGnRo8uUtvUGpMVzgxFqBXB1Wm5tJU,1086,4ijMB8KbSg4zogv6mquyjEeX37NtoN482uDCjjAHp4Fx,C5oLn4eK4qT1c25N2tFtmbsFxEPiFtc5RWWKUQkRdgdJ,0x030f61c14c10b9601842ba60cef6d82c9c223cf8,4vxWXASq25KrUtE85k1Ma6Rza9dLsRKqTHYraLNYSd3VscPt6ry5rsZYMGyKqKjvqfFPgUo3L5Nkp666mUftkAVC,
"6/22/2025, 9:56:59 PM",43vnZRfoizE4VHB6PTYghDGzFUxgV44rjVkDrZKgb1oN,1000,DdJdYL9Ax19ESqMx8XihDKkxCj6BBzdrUucL5GLk7fYU,C5oLn4eK4qT1c25N2tFtmbsFxEPiFtc5RWWKUQkRdgdJ,0x0454d555de8458B29dAFbE93047536b7313D8bE7,3wnpYZp9Q938ZGjnhcuso557SR3K2sJ3Me6QLcKrCxrXrHi62GfgyPctJKNYgCfB4y6GxatLcJgXABdEMsEUwEGK,
"6/22/2025, 9:35:36 PM",4ESUih8sdPgCMbqApb8bjQdiPxJ8xd63egeBTn43En6m,1001,CzuqnswRtEfd2nQcn2C54dyEqL7eexctpfATbg9nQtFd,C5oLn4eK4qT1c25N2tFtmbsFxEPiFtc5RWWKUQkRdgdJ,0xdd1acac1f4de9a7bf0ea1064ea1eb16797134d8d,2rQ9AwzDf6SPUCDGin6QRpuYg6tb57suycaDm736epcRZjidDj4B6VyywfJDHBuKSuFJXNeGmxnbawEfkkm9jkcx,